;;DML;STOCK DE REPUESTOS GENERAL ;;;;FALTA;;;
;;Ubicación;Stock de Servicio Técnico al 11/12/2025;;;;QUEDA 1;;;
;;;;;;;;;;
;;Stock;;;;;;;;
;;;ITEM;TOTAL;UBICACIÓN ACTUAL;;;;CODIGO DE UBICACIÓN;X SIGNIFICA - ULTIMA CARGA GENERAL DE STOCK 26-06-2025
;Tipo Maquina;CODIGO;;;Estante;Fila;Posición;Box;;
1;Bateria;A000006;HT TENSION MOTOR GROUP;9;5;5;;2;E05-F05-B02;X
2;Bateria;A000007;LT TENSION MOTOR GROUP;14;5 ;4 ;;;E05 -F04 ;X
3;Bateria;A000038;WELDING GROUP;2;5 ;5 ;;1;E05 -F05 -B01;X
4;Bateria;A000062;CUTTER (ITA 40);3;1 ;4 ;B ;2;E01 -F04 -PB -B02;X
5;Bateria;A000097;SIGNALS CARD WITH LIGHT TRANSP;3;2 ;4 ;A ;1;E02 -F04 -PA -B01;VINIERON 2 ACRILICOS CUBRE LED SUELTOS NO CONTABILIZADO - AHORA 1 PIEZA QUEDA
6;Bateria;A000155;SUSPENSION HOOK ITA40-24-25;2;6 ;1 ;;1;E06 -F01 -B01;
7;Bateria;A000177;ITA25 TENSION MOTOR GROUP;0;4 ;1 ;;4;E04 -F01 -B04;2 FUERON PEDIDOS POR DANIELA 15/10/2025
8;Bateria;A000178;ITA24 TENSION MOTOR GROUP;7;4 ;6 ;;2;E04 -F06 -B02;
9;Bateria;A000179;CONNECTING ROD ASS.Y;4;3 ;5 ;A ;4;E03 -F05 -PA -B04;
10;Bateria;A000180;WELDING GROUP ASSEMBLED;13;5 ;1 ;;1;E05 -F01 -B01;X 1 SOLICITADO POR DANIELA EL 14/8   -  X 2 SOLICITADO POR DANIELA  8/9 -2025
11;Bateria;A000181;EXCENTRIC SHAFT ASSEMB.;8;1 ;8 ;B ;3;E01 -F08 -PB -B03;X
12;Bateria;A000184;ASSEMBLED FEEDWHEEL SUPPORT;2;7 ;1 ;;1;E07 -F01 -B01;
13;Bateria;A000185;CONNECTING LEVER ASS Y;4;3 ;4 ;A ;1;E03 -F04 -PA -B01;
14;Bateria;A000237;EXCENTRIC SHAFT;4;2 ;2 ;A ;3;E02 -F02 -PA -B03;X
15;Bateria;A000238;WELDING GROUP ASSEMBLED REVIS;1;4 ;6 ;;3;E04 -F06 -B03;
16;Bateria;A002000;MAIN FRAME ASSY;1;6 ;2 ;;1;E06 -F02 -B01;
17;Bateria;A002040;CONNECTING ROD ASS.Y;3;3 ;5 ;B ;1;E03 -F05 -PB -B01;
18;Bateria;A002070;WELDING FOOT SUPPORT ASS.Y;4;2 ;2 ;B ;2;E02 -F02 -PB -B02;X
19;Bateria;A004650;WELDING FOOT SUPPORT ASS.Y;7;3 ;5 ;B ;2;E03 -F05 -PB -B02;
20;Bateria;A800511;ASS. DRIVE A6030-Z25 -SERVO;16;5 ;3 ;;2;E05 -F03 -B02;
21;Bateria;B100032;PIPE 6X8 (Len.mtrs) (ITA 40);1;6 ;1;;;E06 -F01;
22;Bateria;B100310;SWING ELBOW RL31 8 1/4 (ITA 40);2;1 ;7 ;B ;1;E01 -F07 -PB -B01;X
23;Bateria;B100311;RING;1;1 ;7 ;B ;1;E01 -F07 -PB -B01;
24;Bateria;B200308;FAST AIR CONN. ANI 64MF 8X10;1;USO TALLER;;;;USO TALLER;
25;Bateria;B300019;O-RING GASKET RING;2;4 ;2 ;;2;E04 -F02 -B02;
26;Bateria;B300019L;O-RING GASKET RING;4;4 ;2 ;;2;E04 -F02 -B02;
27;Bateria;B300022;O-RING 3300 D85;10;4 ;2 ;;3;E04 -F02 -B03;
28;Bateria;B300428;O-RING 103;1;1 ;8 ;A ;4;E01 -F08 -PA -B04;
29;Bateria;B300429;O-RING 101;1;1 ;8 ;A ;4;E01 -F08 -PA -B04;
30;Bateria;B400001;ROLLER BEARING BK0810 (IT 10/12);1;1 ;7 ;B ;3;E01 -F07 -PB -B03;
31;Bateria;B400003;ROLLER HK0808;4;1 ;7 ;A ;1;E01 -F07 -PA -B01;X
32;Bateria;B400186;BEARING 61808-RS1;7;2 ;3 ;B ;3;E02 -F03 -PB -B03;X
33;Bateria;B400187;ROLLER BEARING 5X8X8;4;2 ;3 ;A ;1;E02 -F03 -PA -B01;X
34;Bateria;B400188;INA HF0812;1;2 ;3 ;A ;2;E02 -F03 -PA -B02;
35;Bateria;B400332;609 ZZ SKF;4;3 ;5 ;B ;3;E03 -F05 -PB -B03;
36;Bateria;B400333;BEARING 61902ZZ;5;2 ;2 ;A ;2;E02 -F02 -PA -B02;X
37;Bateria;B400480;HK1214;3;2 ;3 ;A ;3;E02 -F03 -PA -B03;
38;Bateria;B500035;SCREW TCEI M4X10 UNI5931;68;1 ;5 ;A ;1;E01 -F05 -PA -B01;X
39;Bateria;B500036L;SCREW;2;1 ;5 ;A ;2;E01 -F05 -PA -B02;
40;Bateria;B500037;SCREW TCEI M4X8 UNI 5931;8;3 ;3 ;B ;1;E03 -F03 -PB -B01;
41;Bateria;B500039;SCREW TCEI UNC 10X1/2';15;1 ;5 ;B ;1;E01 -F05 -PB -B01;X
42;Bateria;B500041;SCREW TCEI M4X30 UNI5931;30;3 ;3 ;A ;1;E03 -F03 -PA -B01;X
43;Bateria;B500044;SCREW TCEI M4X45UNI5931;4;2 ;7 ;A ;1;E02 -F07 -PA -B01;X
44;Bateria;B500048;SCREW TPSCE M4X6 UNI5933;8;1 ;5 ;A ;3;E01 -F05 -PA -B03;
45;Bateria;B500049;SCREW TCEI M4X6 DIN 7984;18;3 ;3 ;B ;2;E03 -F03 -PB -B02;
46;Bateria;B500068;SCREW TCEI M3X8 UNI5931;101;1 ;5 ;A ;4;E01 -F05 -PA -B04;
47;Bateria;B500092;"SCREW UNC 1/4X1-1/2"" (ITA 40)";4;1 ;5 ;B ;2;E01 -F05 -PB -B02;X
48;Bateria;B500140;SCREW TCEI M5X30 UNI5931;12;2 ;8 ;A ;1;E02 -F08 -PA -B01;X
49;Bateria;B500202;VITE TCEI M4X20 UNI5931;12;1 ;5 ;B ;3;E01 -F05 -PB -B03;X
50;Bateria;B500208;SCREW TBCR BN13577 3,5X20 KA35;17;1 ;7 ;B ;2;E01 -F07 -PB -B02;X
51;Bateria;B500211;LOCK. WASHER - ITA 25;1;3 ;3 ;A ;2;E03 -F03 -PA -B02;X
52;Bateria;B500214;SCREW TPSCE M4X8UNI5933;13;2 ;7 ;B ;1;E02 -F07 -PB -B01;X
53;Bateria;B500273;SCREW TCEI M3X10 UNI 5931;6;1 ;6 ;A ;1;E01 -F06 -PA -B01;X
54;Bateria;B500275;SCREW TCI M2X10 UNI 6107;17;2 ;8 ;A ;2;E02 -F08 -PA -B02;X
55;Bateria;B500336;SCREW TSPCE M4X10 UNI 5933;0;2 ;7 ;B ;2;E02 -F07 -PB -B02;3 PEDIDOS POR DANIELA EL 21/10/2025
56;Bateria;B500379;SCREW STEI M4X5 UNI 5923;68;1 ;6 ;A ;2;E01 -F06 -PA -B02;
57;Bateria;B500395;SCREW 3.5X16;144;1 ;8 ;A ;2;E01 -F08 -PA -B02;X NO ESTABA INCLUIDO EN CAJA D DEL STOCK ENVIADO 23/6 S/COD
58;Bateria;B500418;SCREW UNC 10-24X3/8' ANSI B18.3;27;2 ;8 ;A ;3;E02 -F08 -PA -B03;X
59;Bateria;B500464;SCHNORR W.R150 DIAM.3 - ITA 25;0;1 ;7 ;A ;3;E01 -F07 -PA -B03;
60;Bateria;B500465;SCREW TCEI M5X14 UNI5931;46;2 ;8 ;A ;4;E02 -F08 -PA -B04;
61;Bateria;B500522;SCREW TBCR BN13577 3,5X30 KA35;15;1 ;5 ;B ;4;E01 -F05 -PB -B04;X
62;Bateria;B500523;CYLINDER SCREW M3x6 UNI5931;5;2 ;7 ;B ;3;E02 -F07 -PB -B03;X
63;Bateria;B500524;SCREW TBIC M5X10 UNI7687;19;1 ;8 ;A ;1;E01 -F08 -PA -B01;X
64;Bateria;B500529;SCREW M3X20 DIN7505A;116;3 ;1 ;B ;2;E03 -F01 -PB -B02;X
65;Bateria;B500548;SCREW STEI M4X8 UNI 5923;15;3 ;3 ;B ;3;E03 -F03 -PB -B03;
66;Bateria;B600013;CIRCLIP NACIONALES;5;2 ;7 ;A ;2;E02 -F07 -PA -B02;
67;Bateria;B600059;CUP WASHE CB 25x12,2x1,5 (10/12);6;1 ;6 ;B ;1;E01 -F06 -PB -B01;X
68;Bateria;B600112;WASHER PS12X18X0.5 DIN988;4;1 ;6 ;A ;4;E01 -F06 -PA -B04;X
69;Bateria;B600159;CIRCLIP A12 DIN 471;2;2 ;8 ;B ;2;E02 -F08 -PB -B02;X
70;Bateria;B600189;CIRCLIP RA3.2 DIN6799;3;1 ;6 ;A ;3;E01 -F06 -PA -B03;1 pedido por Daniela 15/10/2025
71;Bateria;B600190;CIRCLIP D8 7435;11;1 ;6 ;B ;3;E01 -F06 -PB -B03;
72;Bateria;B600192;SAFETY CIRCLIPS D4 BN13193;6;1 ;6 ;B ;2;E01 -F06 -PB -B02;X
73;Bateria;B600227;CUP WASHE CB 12,5x6  2x0,7;6;3;6;A ;2;E03-F06-PA -B02;
74;Bateria;B600343;SPRING G13-025 ISO10243;4;2 ;4 ;B ;1;E02 -F04 -PB -B01;X
75;Bateria;B600345;CIRCLIP D34 UNI 7435;6;1 ;6 ;B ;4;E01 -F06 -PB -B04;X
76;Bateria;B600346;CIRCLIP D15 UNI 7435;10;1 ;6 ;B ;4;E01 -F06 -PB -B04;X NO ESTABA INCLUIDO EN CAJA D DEL STOCK ENVIADO 23/6 
77;Bateria;B600376;WASHER PS 15X21X0.5;5;1 ;8 ;A ;3;E01 -F08 -PA -B03;X
78;Bateria;B600389;WASHER PS 22x30x0,2;5;1 ;7 ;A ;2;E01 -F07 -PA -B02;X
79;Bateria;B600391;WASHER PS 6X12X0.2;10;2 ;3 ;B ;1;E02 -F03 -PB -B01;X
80;Bateria;B600402;CIRCLIP RA4 UNI 7434;10;2 ;3 ;B ;2;E02 -F03 -PB -B02;X
81;Bateria;B600457;CIRCLIP D7 DIN 471;10;2 ;8 ;B ;3;E02 -F08 -PB -B03;X EN EL STOCK ENVIADO DECIA 8 PERO HABIA 9
82;Bateria;B700101;PIN 6X28 DIN6325;4;2 ;8 ;B ;4;E02 -F08 -PB -B04;X
83;Bateria;B700103;ELASTIC PIN 3x10 UNI6874;2;2 ;6 ;B ;1;E02 -F06 -PB -B01;
84;Bateria;B700325;SPHERE DIAM .5MM;401;1 ;7 ;A ;4;E01 -F07 -PA -B04;X
85;Bateria;B700419;ELASTIC PIN4X20 U6874;8;2 ;6 ;B ;2;E02 -F06 -PB -B02;X
86;Bateria;B700525;PIN 6X20 ISO8735;4;2 ;6 ;B ;3;E02 -F06 -PB -B03;X
87;Bateria;B800364;ELECTRONIC POWER CARD (ITA 20);2;4 ;5 ;;1;E04 -F05 -B01;X
88;Bateria;B800366;KEYBOARD;5;4 ;4 ;;1;E04 -F04 -B01;X
89;Bateria;B800378;WELDING SWITCH WITH CABLE;8;2 ;4 ;A ;2;E02 -F04 -PA -B02;X
90;Bateria;B800396;TENSION MICROSWITCH;0;2 ;4 ;A ;4;E02 -F04 -PA -B04;4 PIDIO RAYPAC 22/7/2025
91;Bateria;B800397;POWER CABLES KIT;3;4 ;3 ;;2;E04 -F03 -B02;X 1 PEDIDO POR DANIELA 8/9 2025
92;Bateria;B800424;ELECTRONIC POWER CARD;6;4 ;5 ;;2;E04 -F05 -B02;X
93;Bateria;B800460;WELDING SWITCH WITH CABLE D2FD;6;2 ;4 ;A ;3;E02 -F04 -PA -B03;X 4 PIDIO RAYPAC 22/7/2025
94;Bateria;B800479;CABLE CONNECTION BACKWORDS COMPA;12;4 ;3 ;;4;E04 -F03 -B04;X
95;Bateria;B800510;OPERATING BUTTON;17;4 ;3 ;;1;E04 -F03 -B01;1 PEDIDO POR DANIELA EL 26/11/2025
96;Bateria;B800515;KEYBOARD;5;4 ;5 ;;3;E04 -F05 -B03;
97;Bateria;B800530;CONNECTION CABLE;14;4 ;3 ;;3;E04 -F03 -B03;X
98;Bateria;B800531;ELECTRONIC SIGNALS CARD-N;12;4 ;4 ;;2;E04 -F04 -B02;
99;Bateria;B800532;POWER CARD ITA 24;5;4 ;4 ;;3;E04 -F04 -B03;X
100;Bateria;B800533;POWER CARD ITA 25;6;5 ;3 ;;3;E05 -F03 -B03;
101;Bateria;B800534;CONNECTION CABLE-N;54;4 ;4 ;;4;E04 -F04 -B04;X
102;Bateria;B800583;BATTERY CONNECTION CARD;7;4 ;5 ;;4;E04 -F05 -B04;X
103;Bateria;D000010;WELDING FOOT PIN;0;3 ;5 ;A ;1;E03 -F05 -PA -B01;1 pedido por Daniela 15/10/2025
104;Bateria;D000200;FRONT GUIDESTRAP;};2 ;1 ;B ;4;E02 -F01 -PB -B04;X
105;Bateria;D000250;FAST AIR CONN. ANI 64MF 8X10;3;2 ;1 ;B ;1;E02 -F01 -PB -B01;1 pedido por Daniela 2/5/2025
106;Bateria;D000280;REAR GUIDESTRAP SPRING;17;2 ;5 ;A ;3;E02 -F05 -PA -B03;X
107;Bateria;D000330;FREEWHELL SUPPORT;6;2 ;3 ;A ;4;E02 -F03 -PA -B04;1 PEDIDO POR DANIELA 21/10/2025
108;Bateria;D000390;LOCKING COVER;4;3 ;2 ;B ;1;E03 -F02 -PB -B01;X
109;Bateria;D000400;GEAR;4;3 ;4 ;A ;2;E03 -F04 -PA -B02;
110;Bateria;D000430;EPICICLOIDAL GEARBOX;3;5 ;6 ;;1;E05 -F06 -B01;X
111;Bateria;D000620;MEDIUM SPRING (ITA 10);11;2 ;5 ;B ;1;E02 -F05 -PB -B01;X
112;Bateria;D000670;VALVE SPRING (ITA 40);1;1 ;4 ;A ;3;E01 -F04 -PA -B03;
113;Bateria;D000780;LOCKING STRAP PLATE (ITA 10/12);3;1 ;3 ;B ;1;E01 -F03 -PB -B01;
114;Bateria;D001140;TENSION SPRING BE.C;6;2 ;5 ;A ;1;E02 -F05 -PA -B01;3 PEDIDOS POR DANIELA EL 21/10/2025 - 3 pedido por Daniela 2/5/2025
115;Bateria;D001250;WELDING FOOT (ITA 10/12);3;2 ;1 ;A ;1;E02 -F01 -PA -B01;X
116;Bateria;D001260;CUTTER (ITA 10/12);2;1 ;4 ;A ;4;E01 -F04 -PA -B04;X
117;Bateria;D001420;SPECIAL M3 SCREW;3;2 ;7 ;B ;4;E02 -F07 -PB -B04;3 PEDIDOS POR DANIELA EL 21/10/2025
118;Bateria;D001600;PISTON (ITA 12);1;4 ;1 ;;3;E04 -F01 -B03;
119;Bateria;D001630;CONNECTING ROD (ITA 10/12);2;1 ;2 ;A ;1;E01 -F02 -PA -B01;X
120;Bateria;D001650;WELDING FOOT PIN .;3;1 ;1 ;B ;2;E01 -F01 -PB -B02;X
121;Bateria;D001670;OPENING LEVER;1;4 ;2 ;;4;E04 -F02 -B04;
122;Bateria;D001680;LOCKING STRAP PLATE (ITA 10/12);13;2 ;1 ;B ;3;E02 -F01 -PB -B03;X
123;Bateria;D001710;PISTON SPRING (ITA 10/12);1;4 ;1 ;;1;E04 -F01 -B01;
124;Bateria;D001720;STRONG CUTTER SPRING (ITA 12);14;2 ;5 ;A ;2;E02 -F05 -PA -B02;X
125;Bateria;D001740;CROWN;1;1 ;2 ;A ;2;E01 -F02 -PA -B02;
126;Bateria;D001770;SHAFT;2;4 ;1 ;;2;E04 -F01 -B02;X
127;Bateria;D001780;SPECIAL NUT;2;1 ;8 ;B ;1;E01 -F08 -PB -B01;X
128;Bateria;D001790;FEEDWHEEL;5;1 ;2 ;B ;2;E01 -F02 -PB -B02;X
129;Bateria;D001820;SIDE GUIDE STRAP 19MM;1;3 ;4 ;A ;3;E03 -F04 -PA -B03;
130;Bateria;D001940;SIDE GUIDESTRAP 10MM;2;1 ;3 ;A ;2;E01 -F03 -PA -B02;X
131;Bateria;D001960;REAR FRICTION PLATE (ITA 10/12);2;1 ;3 ;A ;1;E01 -F03 -PA -B01;X
132;Bateria;D001970;FRUCTION PLATE (ITA 10/12);2;1 ;7 ;B ;4;E01 -F07 -PB -B04;X
133;Bateria;D001980;FEEDWHEEL (ITA 10/12);4;1 ;2 ;B ;1;E01 -F02 -PB -B01;X
134;Bateria;D001990;FRONT FRICTION PLATE (ITA 10/12);3;1 ;2 ;A ;3;E01 -F02 -PA -B03;X
135;Bateria;D002010;WELDING FOOT;7;2 ;1 ;A ;2;E02 -F01 -PA -B02;
136;Bateria;D002020;WELDING FOOT PIN;6;2 ;6 ;A ;2;E02 -F06 -PA -B02;X
137;Bateria;D002050;EXCENTRIC SHAFT;4;2 ;2 ;A ;4;E02 -F02 -PA -B04;X
138;Bateria;D002060;SUPPORT;4;2 ;2 ;B ;3;E02 -F02 -PB -B03;X
139;Bateria;D002080;SPRING SUPPORT;4;3 ;2 ;B ;2;E03 -F02 -PB -B02;X
140;Bateria;D002120;CUTTER;8;2 ;1 ;B ;2;E02 -F01 -PB -B02;X
141;Bateria;D002130;CUTTER GUIDE;12;3 ;5 ;A ;3;E03 -F05 -PA -B03;
142;Bateria;D002140;COVER;7;2 ;7 ;A ;3;E02 -F07 -PA -B03;X
143;Bateria;D002150;SUPPORT FEEDWHEEL;3;4 ;2 ;;1;E04 -F02 -B01;X
144;Bateria;D002170;OPENING LEVER;5;2 ;4 ;B ;2;E02 -F04 -PB -B02;X
145;Bateria;D002190;HOOK;3;3 ;2 ;A ;1;E03 -F02 -PA -B01;
146;Bateria;D002200;OPENING LEVER;4;5 ;1 ;;4;E05 -F01 -B04;X
147;Bateria;D002220;WELDING MOTOR FLANGE;4;2 ;2 ;B ;1;E02 -F02 -PB -B01;X
148;Bateria;D002230;WELDING CAM;5;3 ;4 ;B ;1;E03 -F04 -PB -B01;X
149;Bateria;D002240;SPRING SHAFT;4;2 ;6 ;A ;3;E02 -F06 -PA -B03;X
150;Bateria;D002250;SPRING SUPPORT;4;3 ;1 ;B ;1;E03 -F01 -PB -B01;X
151;Bateria;D002260;SUPPORT PIN;8;2 ;6 ;A ;4;E02 -F06 -PA -B04;X
152;Bateria;D002280;CAM PIN;13;3 ;2 ;A ;2;E03 -F02 -PA -B02;X
153;Bateria;D002300;WELDING GROUP SPRING;4;2 ;5 ;A ;4;E02 -F05 -PA -B04;X
154;Bateria;D002310;CUTTER SPRING;17;2 ;5 ;B ;2;E02 -F05 -PB -B02;X
155;Bateria;D002330;TENSION FEEDWHEEL;2;1 ;4 ;B ;3;E01 -F04 -PB -B03;X SE USO 1 PARA JL - 2 pedido por Daniela 2/5/2025
156;Bateria;D002350;COVER;5;3 ;1 ;A ;1;E03 -F01 -PA -B01;X
157;Bateria;D002990;CUTTER SPRING;8;2 ;5 ;B ;3;E02 -F05 -PB -B03;X
158;Bateria;D003100;LEVER PA6FV V1 RAL;4;2 ;4 ;B ;3;E02 -F04 -PB -B03;X
159;Bateria;D003110;CUTTER SPRING (ITA 40);1;1 ;1 ;B ;4;E01 -F01 -PB -B04;
160;Bateria;D003120;SPRING (ITA 40);1;1 ;1 ;A ;1;E01 -F01 -PA -B01;
161;Bateria;D003360;RIGHT COVER;2;7 ;3 ;;1;E07 -F03 -B01;
162;Bateria;D003370;LEFT COVER;2;7 ;3 ;;1;E07 -F03 -B01;
163;Bateria;D003380;KEYBOARD SUPPORT;3;2 ;4 ;B ;4;E02 -F04 -PB -B04;X
164;Bateria;D003390;TENSION BUTTON;6;3 ;1 ;A ;2;E03 -F01 -PA -B02;X
165;Bateria;D003450;FEEDWHEEL GAP ADJUSTER (ITA 40);3;1 ;1 ;A ;3;E01 -F01 -PA -B03;X
166;Bateria;D003480;"ANVIL 19mm 3/4"" (ITA 40)";1;1 ;1 ;B ;3;E01 -F01 -PB -B03;
167;Bateria;D003490;"ANVIL 16mm 5/8"" (ITA 40)";2;1 ; -; -;;E01 -F0 --P -;X
168;Bateria;D003500;"ANVIL 13mm 1/2"" (ITA 40)";2;1 ;3 ;B ;3;E01 -F03 -PB -B03;X
169;Bateria;D003510;LINKER (ITA 40);2;1 ;1 ;A ;4;E01 -F01 -PA -B04;X
170;Bateria;D003520;JAW (ITA 40);2;1 ;3 ;A ;4;E01 -F03 -PA -B04;X
171;Bateria;D003540;"FRONT PLATE 13mm 1/2"" (ITA 40)";1;1 ;2 ;B ;4;E01 -F02 -PB -B04;
172;Bateria;D003550;"FRONT PLATE 16mm 5/8"" (ITA 40)";1;1 ;4 ;A ;1;E01 -F04 -PA -B01;
173;Bateria;D003560;"FRONT PLATE 19mm 3/4"" (ITA 40)";2;1 ;2 ;B ;3;E01 -F02 -PB -B03;X
174;Bateria;D003570;"REAR PLATE 13mm 1/2"" (ITA 40)";1;1 ;4 ;A ;2;E01 -F04 -PA -B02;
175;Bateria;D003580;"REAR PLATE 16mm 5/8"" (ITA 40)";1;1 ;3 ;B ;2;E01 -F03 -PB -B02;
176;Bateria;D003590;"REAR PLATE 19mm 3/4"" (ITA 40)";2;1 ;2 ;A ;4;E01 -F02 -PA -B04;X
177;Bateria;D003640;FEEDWHEEL (ITA 40);3;1 ;3 ;A ;3;E01 -F03 -PA -B03;X
178;Bateria;D003770;COVER GASKET (ITA 40);1;6 ;1 ;;;E06 -F01 ;
179;Bateria;D004270;TENSION BUTTON SPRING;13;2 ;5 ;B ;4;E02 -F05 -PB -B04;X
180;Bateria;D004540;WELDING FOOT;1;2 ;1 ;A ;3;E02 -F01 -PA -B03;
181;Bateria;D004560;SPECIAL SCREW SPRING HOLDER;8;3 ;3 ;A ;3;E03 -F03 -PA -B03;
182;Bateria;D004570;WELDING FOOT ITA11-12;2;1 ;3 ;B ;4;E01 -F03 -PB -B04;X
183;Bateria;D004580;WELDING PLATE (ITA 20);10;2 ;1 ;A ;4;E02 -F01 -PA -B04;X
184;Bateria;D004600;WELDING PLATE;0;3 ;5 ;A ;2;E03 -F05 -PA -B02;FALTA 0
185;Bateria;D004610;FEEDWHEEL;2;1 ;4 ;B ;4;E01 -F04 -PB -B04;
186;Bateria;D004620;CUTTER;10;3 ;6 ; -;;E03 -F06 -P -;
187;Bateria;D004630;HT FRONT GUIDESTRAP;3;2 ;1 ;B ;4;E02 -F01 -PB -B04;X
188;Bateria;D004640;SUPPORT;2;2 ;2 ;B ;4;E02 -F02 -PB -B04;X
189;Bateria;D004660;REAR GUIDESTRAP PIN HT;3;2 ;2 ;A ;1;E02 -F02 -PA -B01;
190;Bateria;D004670;WELDING MOTOR SUPPORT;4;2 ;3 ;B ;4;E02 -F03 -PB -B04;X
191;Bateria;D004710;LEVER HT-PA6FV V1;2;3 ;1 ;A ;3;E03 -F01 -PA -B03;X
192;Bateria;D004720;HT TENSION BUTTON;3;2 ;8 ;B ;1;E02 -F08 -PB -B01;X
193;Bateria;D004730;HT KEYBOARD SUPPORT;1;3 ;1 ;A ;4;E03 -F01 -PA -B04;X
194;Bateria;D004740;HT COVER;11;3 ;6 ;A ;3;E03 -F06 -PA -B03;X
195;Bateria;D005260;WELDING LEVER;6;3 ;4 ;B ;3;E03 -F04 -PB -B03;X
196;Bateria;D005270;LINKER;5;3 ;2 ;A ;3;E03 -F02 -PA -B03;X
197;Bateria;D005280;PISTON;5;6 ;1 ;;1;E06 -F01 -B01;
198;Neumática;D005700;LOCKING STRAP PLATE (ITA 11);4;1 ;1 ;A ;2;E01 -F01 -PA -B02;X
199;Bateria;D005860;SUPPORT PIN;9;2 ;6 ;B ;4;E02 -F06 -PB -B04;X
200;Bateria;D005870;WELDING PLATE;2;2 ;7 ;A ;4;E02 -F07 -PA -B04;
201;Neumática;D005920;LOCKING STRAP PLATE (ITA 11);3;3;6;B ;3;E03-F06-PB -B03;
202;Bateria;D006030;SPRING;15;3 ;1 ;B ;3;E03 -F01 -PB -B03;3 PEDIDOS POR DANIELA EL 21/10/2025
203;Bateria;D006050;TENSION FEEDWHEEL ITA25 .;4;5 ;1 ;;3;E05 -F01 -B03;
204;Bateria;D006060;WELDING FRAME;1;6 ;2 ;;1;E06 -F02 -B01;
205;Bateria;D006110;TENSION FEEDWHEEL ITA24;8;5 ;3 ;;;E05 -F03 ;pedida por Daniela 2/5/2025
206;Bateria;D006120;WEAR PLATE;14;3 ;1 ;B ;4;E03 -F01 -PB -B04;
207;Bateria;D006130;WELDING MOTOR FLANGE .;3;1 ;4 ;B ;1;E01 -F04 -PB -B01;X
208;Bateria;D006140;SUPPORT PIN .;2;1 ;8 ;B ;4;E01 -F08 -PB -B04;X
209;Bateria;D006180;SIDE GUIDESTRAP 16mm 5/8;3;3 ;4 ;A ;4;E03 -F04 -PA -B04;X
210;Bateria;D006190;SIDE GUIDESTRAP 19mm 3/4;7;3 ;4 ;A ;4;E03 -F04 -PA -B04;X
211;Bateria;D006210;CAM;1;3;6;B ;4;E03-F06-PB -B04;
212;Bateria;D006270;PIN;6;3 ;2 ;B ;3;E03 -F02 -PB -B03;X
213;Bateria;D006280;REAR GUIDESTRAP PIN;5;3 ;2 ;B ;4;E03 -F02 -PB -B04;X
214;Bateria;D006300;MAIN FRAME;2;6 ;2 ;;1;E06 -F02 -B01;
215;Bateria;D006340;EPICICLOIDAL GEARBOX;1;3;6;B ;1;E03-F06-PB -B01;
216;Bateria;D006350;HOOK;7;3 ;2 ;A ;4;E03 -F02 -PA -B04;3 PEDIDOS POR DANIELA EL 21/10/2025
217;Bateria;D006390;GEAR;4;3;6;B ;2;E03-F06-PB -B02;
218;Bateria;D006400;WELDING FOOT SUPPORT ;5;3 ;5 ;B ;4;E03 -F05 -PB -B04;
219;Bateria;D006420;UPPER COVER ORANGE;2;6 ;4 ;;1;E06 -F04 -B01;
220;Bateria;D006430;BOTTOM PLASTIC TOOL COVER;8;7 ;2 ;;1;E07 -F02 -B01;X
221;Bateria;D006440;COVER;5;4 ;6 ;;1;E04 -F06 -B01;
222;Bateria;D006450;HANDLE;4;7 ;1 ;;1;E07 -F01 -B01;X
223;Bateria;D006460;SUPPORT;5;1 ;8 ;B ;2;E01 -F08 -PB -B02;X
224;Bateria;D006510;GUIDESTRAP PIN;9;3 ;3 ;B ;4;E03 -F03 -PB -B04;X
225;Bateria;D006570;SPRING;16;2 ;6 ;A ;1;E02 -F06 -PA -B01;
226;Bateria;D007030;SPECIAL SCREW;7;3 ;3 ;A ;4;E03 -F03 -PA -B04;
227;Bateria;B6001-2Z;BUSHING 6001 2Z;8;3 ;4 ;B ;4;E03 -F04 -PB -B04;
;;;;;;;;;;
228;Neumática;AZ10.193.0;SPRING AZ10193.0;4;3;7;B ;1;E03-F07-PB -B01;
229;Neumática;AZ11.028.0;GASKET DE08;4;3;7;B ;2;E03-F07-PB -B02;
230;Neumática;AZ20.001.0;SHAFT PART AZ20.001.0;4;3;7;B ;3;E03-F07-PB -B03;
;;;;;;;;;;
231;Manual;SP00903;CUTTING SET ;2;5 ;2 ;;2;E05 -F02 -B02;
232;Manual;SP00321;FMS, M5X8 (SUS);4;5 ;2 ;;1;E05 -F02 -B01;
233;Manual;SP00018;LEVER COMPLETE RED;4;6 ;3 ;;1;E06 -F03 -B01;
234;Manual;SP00023;NOSE HOOK;2;6 ;3 ;;3;E06 -F03 -B03;
235;Manual;SP00048;KNIFE COMPLETE CT-25;0;;;;;;
236;Manual;SP00327;CLAMP PLATE CTT-40;4;6 ;3 ;;4;E06 -F03 -B04;
237;Manual;SP00329;SPRING FOR CLAMP;1;6 ;3 ;;3;E06 -F03 -B03;
238;Manual;SP00351;KNIFE COMPLETE CT-40;1;5 ;2 ;;2;E05 -F02 -B02;
239;Manual;SP00372;MAIN SPRING CTT-20/25;6;3;7;A ;1;E03-F07-PA -B01;
240;Manual;SP00376;TOGGLE CTT-20;8;3;7;A ;2;E03-F07-PA -B02;
241;Manual;SP00379;BLADE LEVER CTT-20/25;13;3;7;A ;3;E03-F07-PA -B03;
242;Manual;SP00381;BOLT M4X8 CTT-20;3;3;7;A ;4;E03-F07-PA -B04;
243;Manual;SP00382;BOLT M4X6 CTT-20/25;11;3;8;A ;1;E03-F08-PA -B01;
244;Manual;SP00386;RATCHET WHEEL CTT-20;8;3;8;A ;2;E03-F08-PA -B02;
245;Manual;SP00387;STOP RING S-20;25;3;8;A ;3;E03-F08-PA -B03;
246;Manual;SP00388;NOSE HOOK CTT-20/25;17;3;8;A ;4;E03-F08-PA -B04;
247;Manual;S55;SEGUER 55;2;5 ;2 ;;1;E05 -F02 -B01;
248;Manual;GCT25;GANCHOS CT25;13;5 ;6 ;;4;E05 -F06 -B04;
249;Manual;GCTT40;GANCHOS CTT40;7;5 ;6 ;;3;E05 -F06 -B03;
